<?xml version="1.0" encoding="UTF-8"?>
<korisnik_pretraga xmlns="korisnik"
 xmlns:xsi="http://www.w3.org/2001/XMLSchema-instance"
 xsi:schemaLocation="korisnik file:/E:/Users/ShiroShii/Desktop/Oxygen%20XML%20Editor%2017.1%20(Win,%20x64)/KorisnikPretraga.xsd">
    <mesto>
        <drzava>
        </drzava>
        <grad>
        </grad>
    </mesto>
    <vremenski_interval>
        <pocetni_datum>2006-05-04</pocetni_datum>
        <krajnji_datum>2006-05-04</krajnji_datum>
    </vremenski_interval>
    <broj_osoba>0</broj_osoba>
    <tip_smestaja>tip_smestaja0</tip_smestaja>
    <kategorija_smestaja>kategorija_smestaja0</kategorija_smestaja>
    <udaljenost>0</udaljenost>
    <dodatne_usluge>
        <parking>false</parking>
        <wifi>false</wifi>
        <dorucak>false</dorucak>
        <polu_pansion>false</polu_pansion>
        <pansion>false</pansion>
        <all_inclusive>false</all_inclusive>
        <kucni_ljubimci>false</kucni_ljubimci>
        <tv>false</tv>
        <kuhinja>false</kuhinja>
        <privatno_kupatilo>false</privatno_kupatilo>
        <besplatno_otkazivanje>2006-05-04</besplatno_otkazivanje>
    </dodatne_usluge>
</korisnik_pretraga>
